Account Statement - (@Jamie-Rivera) ,,,,,,,,,,,,,,,,,,,,,
Account Activity,,,,,,,,,,,,,,,,,,,,,
,ID,Datetime,Type,Status,Note,From,To,Amount (total),Amount (tip),Amount (tax),Amount (fee),Tax Rate,Tax Exempt,Funding Source,Destination,Beginning Balance,Ending Balance,Statement Period Venmo Fees,Terminal Location,Year to Date Venmo Fees,Disclaimer
,,,,,,,,,,,,,,,,$100.00,,,,,
,2001,2026-02-01T10:00:00,Payment,Complete,groceries,Jamie Rivera,Sam Lee,- $60.00,,,,,,,,,,,,,
,2002,2026-02-02T10:00:00,Payment,Pending,still pending,Jamie Rivera,Alex Kim,,,,,,,,,,,,,,
,,,,,,,,,,,,,,,,,$57.50,$0.00,,$0.00,
,,,,,,,,,,,,,,,,,,,,,"In case of errors or questions about your electronic transfers:
Call us, or write to us at the address on your ""statement"",
as soon as you can."
